indexType,indexName,indexSymbol,closePrice,priceChange,percentChange,openPrice,dayHigh,dayLow,previousClose,yearHigh,yearLow,priceEarningsRatio,priceBookRatio,dividendYield,declines,advances,1Y%Change,1M%Change
BROAD MARKET INDICES,NIFTY 50,NIFTY 50,25289.9,132.4,0.0053,25344.15,25435.75,25168.5,25157.5,26373.2,21743.65,21.97,3.44,0.0131,9,40,0.0984,-0.0337
BROAD MARKET INDICES,NIFTY NEXT 50,NIFTY NEXT 50,67592.8,728.35,0.0109,67332.35,67976.4,67194.95,66864.45,70833.65,56192.45,19.59,3.52,0.014499999999999999,11,39,0.066,-0.0182
SECTORAL INDICES,NIFTY BANK,NIFTY BANK,59200.1,399.8,0.0068000000000000005,59194.25,59573.1,58823.05,58800.3,60437.35,47702.9,16.11,2.17,0.009899999999999999,2,12,0.2188,-0.0018
SECTORAL INDICES,NIFTY FINANCIAL SERVICES,NIFTY FIN SERVICE,27149.95,186.45,0.0069,27150.65,27275.3,26956.05,26963.5,28065.5,22320.85,17.51,2.86,0.0086,4,15,0.204,-0.012
STRATEGY INDICES,NIFTY MIDCAP SELECT,NIFTY MID SELECT,13325.45,170.4,0.013000000000000001,13286.9,13423.8,13204.9,13155.05,14118.4,5520.25,27.45,4.4,0.0083,5,20,0.1092,-0.0463
BROAD MARKET INDICES,NIFTY 100,NIFTY 100,25860.25,158.85,0.0062,25890.3,26008.4,25739.6,25701.4,26975.15,22177.35,21.54,3.45,0.013300000000000001,20,79,0.0928,-0.031200000000000002
BROAD MARKET INDICES,NIFTY 200,NIFTY 200,14063.9,104.35,0.0075,14067.3,14146.35,13991.15,13959.55,14700.95,11941.45,22.87,3.57,0.0124,40,159,0.0907,-0.0334
BROAD MARKET INDICES,NIFTY 500,NIFTY 500,23008.75,173.6,0.0076,23013.45,23144.55,22888.5,22835.15,24144.2,19519.85,23.42,3.58,0.0118,112,386,0.0735,-0.036000000000000004
BROAD MARKET INDICES,NIFTY MIDCAP 50,NIFTY MIDCAP 50,16672.0,218.45,0.013300000000000001,16596.4,16788.45,16540.9,16453.55,17572.45,13269.65,31.84,4.44,0.008199999999999999,10,40,0.1142,-0.0417
BROAD MARKET INDICES,NIFTY MIDCAP 100,NIFTY MIDCAP 100,58191.3,767.65,0.0134,57962.6,58568.95,57755.75,57423.65,61548.85,46865.7,31.68,4.23,0.008199999999999999,20,80,0.0809,-0.0431
BROAD MARKET INDICES,NIFTY SMALLCAP 100,NIFTY SMLCAP 100,16677.25,126.05,0.0076,16717.9,16807.7,16534.9,16551.2,19224.95,14084.3,30.14,3.61,0.0076,26,74,-0.0446,-0.0521
BROAD MARKET INDICES,INDIA VIX,INDIA VIX,13.35,-0.43,-0.031200000000000002,13.78,14.33,12.91,13.78,23.19,8.72,,,,,,-0.21719999999999998,0.3791
BROAD MARKET INDICES,NIFTY MIDCAP 150,NIFTY MIDCAP 150,21376.0,257.55,0.012199999999999999,21308.0,21509.8,21232.25,21118.45,22650.05,17269.5,31.42,4.32,0.0083,34,116,0.0717,-0.042699999999999995
BROAD MARKET INDICES,NIFTY SMALLCAP 50,NIFTY SMLCAP 50,8140.65,55.1,0.0068000000000000005,8172.4,8215.0,8061.2,8085.55,9282.7,6776.05,29.94,3.61,0.0079,13,37,-0.0241,-0.0547
BROAD MARKET INDICES,NIFTY SMALLCAP 250,NIFTY SMLCAP 250,15618.8,140.0,0.009000000000000001,15616.25,15724.1,15497.55,15478.8,18077.35,13314.7,27.26,3.33,0.0075,58,191,-0.0525,-0.0572
BROAD MARKET INDICES,NIFTY MIDSMALLCAP 400,NIFTY MIDSML 400,19237.4,211.8,0.0111,19195.8,19359.95,19101.55,19025.6,20668.15,15832.85,29.89,3.93,0.008100000000000001,92,307,0.0265,-0.047599999999999996
BROAD MARKET INDICES,NIFTY500 MULTICAP 50:25:25,NIFTY500 MULTICAP,15799.05,131.3,0.0084,15795.1,15894.85,15707.2,15667.75,17112.15,5531.55,24.76,3.6,0.0106,112,386,0.0519,-0.0406
BROAD MARKET INDICES,NIFTY LARGEMIDCAP 250,NIFTY LARGEMID250,16252.3,147.6,0.0092,16236.1,16349.35,16160.55,16104.7,17095.2,5635.2,25.54,3.83,0.0108,54,195,0.0832,-0.037000000000000005
BROAD MARKET INDICES,NIFTY TOTAL MARKET,NIFTY TOTAL MKT,12893.3,100.85,0.0079,12893.2,12968.8,12825.3,12792.45,13842.6,6252.1,23.48,3.53,0.011699999999999999,161,587,0.0663,-0.0374
BROAD MARKET INDICES,NIFTY MICROCAP 250,NIFTY MICROCAP250,20975.9,322.8,0.015600000000000001,20853.85,21075.95,20817.4,20653.1,26476.9,5802.95,25.01,2.68,0.0084,49,201,-0.107,-0.0738
BROAD MARKET INDICES,NIFTY500 LARGEMIDSMALL EQUAL-CAP WEIGHTED,NIFTY500 LMS EQL,17270.75,156.2,0.0091,17258.2,17377.5,17162.4,17114.55,18838.1,14014.4,26.08,3.66,0.0097,112,386,0.0378,-0.0437
BROAD MARKET INDICES,NIFTY INDIA FPI 150,NIFTY FPI 150,1568.65,12.2,0.0078000000000000005,1567.9,1578.1,1560.8,1556.45,1641.4,1346.5,24.04,3.8,0.0125,32,117,0.0,-0.0338
SECTORAL INDICES,NIFTY AUTO,NIFTY AUTO,27110.2,238.95,0.0089,27153.85,27453.35,26954.65,26871.25,29179.1,19316.65,29.44,4.65,0.0116,4,11,0.2155,-0.0278
SECTORAL INDICES,NIFTY FINANCIAL SERVICES 25/50,NIFTY FINSRV25 50,29620.6,180.65,0.0060999999999999995,29645.75,29770.0,29419.25,29439.95,0.0,0.0,17.39,2.99,0.0095,4,15,0.21420000000000003,-0.0148
SECTORAL INDICES,NIFTY FMCG,NIFTY FMCG,51978.4,575.9,0.011200000000000002,51582.05,52095.3,51560.5,51402.5,59302.55,50199.35,38.13,9.38,0.0213,1,14,-0.0655,-0.055999999999999994
SECTORAL INDICES,NIFTY IT,NIFTY IT,38301.75,309.45,0.008100000000000001,38294.8,38542.5,38080.95,37992.3,43959.15,30918.95,27.31,7.12,0.0276,0,10,-0.0814,-0.03
SECTORAL INDICES,NIFTY MEDIA,NIFTY MEDIA,1386.35,32.35,0.0239,1367.5,1393.25,1365.55,1354.0,1786.15,1339.8,29.84,1.46,0.0137,1,9,-0.1815,-0.0115
SECTORAL INDICES,NIFTY METAL,NIFTY METAL,11573.7,134.75,0.0118,11514.9,11685.85,11468.6,11438.95,11729.65,7690.2,20.54,3.02,0.0158,3,12,0.3565,0.0848
SECTORAL INDICES,NIFTY PHARMA,NIFTY PHARMA,21928.0,343.6,0.0159,21738.2,22030.55,21726.4,21584.4,23492.55,19121.1,32.58,4.75,0.006999999999999999,0,20,0.0021,-0.0436
SECTORAL INDICES,NIFTY PSU BANK,NIFTY PSU BANK,8984.8,205.4,0.023399999999999997,8857.65,9018.35,8857.6,8779.4,9093.65,5530.35,9.09,1.47,0.0213,0,12,0.4243,0.0726
SECTORAL INDICES,NIFTY PRIVATE BANK,NIFTY PVT BANK,28306.7,144.05,0.0051,28336.05,28472.45,28107.05,28162.65,29059.0,23508.05,19.59,2.23,0.0055000000000000005,3,7,0.1859,-0.0070999999999999995
SECTORAL INDICES,NIFTY REALTY,NIFTY REALTY,782.5,-5.8,-0.0074,794.8,797.15,777.9,788.3,1049.7,765.8,35.98,3.79,0.0038,6,4,-0.1367,-0.11599999999999999
SECTORAL INDICES,NIFTY HEALTHCARE INDEX,NIFTY HEALTHCARE,14074.0,163.7,0.0118,14004.4,14162.0,14000.8,13910.3,15144.95,6482.8,35.51,5.25,0.0059,3,17,0.0025,-0.0506
SECTORAL INDICES,NIFTY CONSUMER DURABLES,NIFTY CONSR DURBL,34438.8,-301.2,-0.0087,35023.6,35181.6,34288.3,34740.0,44426.55,14089.55,57.3,10.79,0.004,8,7,-0.0964,-0.0682
SECTORAL INDICES,NIFTY OIL & GAS,NIFTY OIL AND GAS,11443.35,40.65,0.0036,11472.1,11538.35,11403.7,11402.7,13607.2,4632.7,10.47,1.58,0.0297,4,11,0.0562,-0.050300000000000004
SECTORAL INDICES,NIFTY MIDSMALL HEALTHCARE,NIFTY MIDSML HLTH,42173.65,459.3,0.011000000000000001,41981.65,42401.1,41963.0,41714.35,46103.35,20019.15,39.63,5.09,0.0046,6,24,0.019799999999999998,-0.043
SECTORAL INDICES,NIFTY FINANCIAL SERVICES EX-BANK,NIFTY FINSEREXBNK,31085.15,314.7,0.0102,31052.25,31232.75,30810.45,30770.45,32654.2,21702.4,23.62,4.38,0.008,4,25,0.252,-0.026099999999999998
SECTORAL INDICES,NIFTY MIDSMALL FINANCIAL SERVICES,NIFTY MS FIN SERV,20660.95,288.15,0.0141,20591.55,20794.95,20439.05,20372.8,21299.4,12407.95,28.9,2.97,0.006500000000000001,4,26,0.35240000000000005,-0.0068000000000000005
SECTORAL INDICES,NIFTY MIDSMALL IT & TELECOM,NIFTY MS IT TELCM,9897.1,84.2,0.0086,9898.95,10020.75,9814.25,9812.9,11723.2,7836.0,62.94,9.68,0.0108,5,15,-0.0483,-0.057699999999999994
SECTORAL INDICES,NIFTY CHEMICALS,NIFTY CHEMICALS,27557.45,497.6,0.0184,27183.8,27594.5,27183.8,27059.85,31895.45,25227.25,37.06,4.06,0.0060999999999999995,2,18,0.0,-0.048799999999999996
SECTORAL INDICES,NIFTY500 HEALTHCARE,NIFTY500 HEALTH,17931.5,192.25,0.0108,17858.8,18036.85,17854.2,17739.25,19594.1,16294.6,36.73,5.39,0.005699999999999999,12,38,0.0,-0.052199999999999996
STRATEGY INDICES,NIFTY DIVIDEND OPPORTUNITIES 50,NIFTY DIV OPPS 50,6350.05,67.8,0.0108,6323.05,6374.15,6316.45,6282.25,6439.45,5288.6,14.92,2.96,0.0296,7,43,0.0424,-0.0037
STRATEGY INDICES,NIFTY GROWTH SECTORS 15,NIFTY GROWSECT 15,12220.25,50.15,0.0040999999999999995,12262.1,12327.4,12146.05,12170.1,12852.45,9722.65,31.9,7.27,0.0173,5,10,0.0552,-0.0304
STRATEGY INDICES,NIFTY100 QUALITY 30,NIFTY100 QUALTY30,5788.45,70.05,0.012199999999999999,5752.6,5799.0,5752.5,5718.4,0.0,0.0,31.8,7.96,0.0183,4,26,0.0679,-0.015300000000000001
STRATEGY INDICES,NIFTY50 VALUE 20,NIFTY50 VALUE 20,13162.2,103.25,0.0079,13142.75,13206.05,13095.15,13058.95,13416.85,11375.5,17.26,3.04,0.0203,2,18,0.0115,-0.0131
STRATEGY INDICES,NIFTY50 TR 2X LEVERAGE,NIFTY50 TR 2X LEV,20554.85,211.15,0.0104,20642.5,20789.25,20358.5,20343.7,22435.45,15663.75,,,,,,0.1534,-0.0699
STRATEGY INDICES,NIFTY50 PR 2X LEVERAGE,NIFTY50 PR 2X LEV,13720.0,140.95,0.0104,13778.55,13876.5,13588.95,13579.05,14993.4,10678.25,,,,,,0.1259,-0.071
STRATEGY INDICES,NIFTY50 TR 1X INVERSE,NIFTY50 TR 1X INV,169.45,-0.85,-0.005,169.1,170.25,168.45,170.3,192.05,161.8,,,,,,-0.060700000000000004,0.0383
STRATEGY INDICES,NIFTY50 PR 1X INVERSE,NIFTY50 PR 1X INV,207.2,-1.1,-0.0053,206.75,208.2,206.0,208.3,232.4,197.8,,,,,,-0.0495,0.038900000000000004
STRATEGY INDICES,NIFTY50 DIVIDEND POINTS,NIFTY50 DIV POINT,264.68,0.0,0.0,264.68,264.68,264.68,264.68,0.0,0.0,,,,,,0.0397,0.062400000000000004
STRATEGY INDICES,NIFTY ALPHA 50,NIFTY ALPHA 50,48455.85,459.4,0.0096,48482.55,48830.5,47993.85,47996.45,0.0,0.0,31.18,4.19,0.006,12,37,-0.0473,-0.0527
STRATEGY INDICES,NIFTY50 EQUAL WEIGHT,NIFTY50 EQL WGT,32670.75,284.45,0.0088,32640.85,32849.5,32517.95,32386.3,0.0,0.0,24.29,3.71,0.013999999999999999,9,40,0.1319,-0.0169
STRATEGY INDICES,NIFTY100 EQUAL WEIGHT,NIFTY100 EQL WGT,33118.15,317.5,0.0097,33039.0,33297.3,32951.8,32800.65,0.0,0.0,22.25,3.68,0.0134,20,79,0.0943,-0.0199
STRATEGY INDICES,NIFTY100 LOW VOLATILITY 30,NIFTY100 LOWVOL30,20594.8,169.9,0.0083,20546.75,20684.5,20494.9,20424.9,0.0,0.0,28.56,5.09,0.0132,6,24,0.08990000000000001,-0.027200000000000002
STRATEGY INDICES,NIFTY200 QUALITY 30,NIFTY200 QUALTY30,21057.15,243.05,0.011699999999999999,20949.0,21105.0,20922.6,20814.1,0.0,0.0,32.44,10.37,0.0196,5,25,0.04650000000000001,-0.0213
STRATEGY INDICES,NIFTY ALPHA LOW-VOLATILITY 30,NIFTY ALPHALOWVOL,26544.7,178.05,0.0068000000000000005,26514.45,26727.85,26449.6,26366.65,0.0,0.0,31.87,4.7,0.0073,8,21,0.0264,-0.023399999999999997
STRATEGY INDICES,NIFTY200 MOMENTUM 30,NIFTY200MOMENTM30,30643.55,292.6,0.0096,30608.9,30914.15,30438.6,30350.95,0.0,0.0,26.04,4.52,0.0084,7,23,0.0349,-0.0273
STRATEGY INDICES,NIFTY MIDCAP150 QUALITY 50,NIFTY M150 QLTY50,23156.65,246.35,0.0108,23081.3,23294.75,23022.55,22910.3,0.0,0.0,32.28,7.62,0.0139,13,37,-0.0004,-0.0467
STRATEGY INDICES,NIFTY200 ALPHA 30,NIFTY200 ALPHA 30,24504.4,332.7,0.0138,24405.25,24663.8,24241.5,24171.7,0.0,0.0,28.46,4.58,0.006999999999999999,6,24,0.036699999999999997,-0.034
STRATEGY INDICES,NIFTY MIDCAP150 MOMENTUM 50,NIFTYM150MOMNTM50,60080.85,866.1,0.0146,59792.2,60457.65,59528.55,59214.75,0.0,0.0,32.34,4.88,0.008,8,42,0.0308,-0.0441
STRATEGY INDICES,NIFTY500 MOMENTUM 50,NIFTY500MOMENTM50,51122.45,458.1,0.009000000000000001,51142.65,51575.15,50748.7,50664.35,0.0,0.0,28.91,4.75,0.0073,11,39,0.0109,-0.0452
STRATEGY INDICES,NIFTY MIDSMALLCAP400 MOMENTUM QUALITY 100,NIFTYMS400 MQ 100,46133.55,568.9,0.0125,46035.75,46462.35,45760.75,45564.65,0.0,0.0,28.21,5.92,0.01,22,78,-0.0336,-0.048499999999999995
STRATEGY INDICES,NIFTY SMALLCAP250 MOMENTUM QUALITY 100,NIFTYSML250MQ 100,41571.35,317.0,0.0077,41642.1,41865.5,41266.45,41254.35,0.0,0.0,28.19,4.59,0.009399999999999999,26,74,-0.0981,-0.060599999999999994
STRATEGY INDICES,NIFTY TOP 10 EQUAL WEIGHT,NIFTY TOP 10 EW,9549.8,36.6,0.0038,9571.15,9596.65,9492.2,9513.2,0.0,0.0,20.62,3.54,0.0147,2,8,0.048499999999999995,-0.0554
STRATEGY INDICES,NIFTY ALPHA QUALITY LOW-VOLATILITY 30,NIFTY AQL 30,22303.25,259.75,0.0118,22169.05,22365.15,22162.1,22043.5,0.0,0.0,32.9,7.69,0.015700000000000002,5,25,0.0252,-0.026099999999999998
STRATEGY INDICES,NIFTY ALPHA QUALITY VALUE LOW-VOLATILITY 30,NIFTY AQLV 30,20887.25,210.95,0.0102,20822.3,20991.6,20811.35,20676.3,0.0,0.0,23.14,4.74,0.0197,5,25,0.0633,-0.029900000000000003
STRATEGY INDICES,NIFTY HIGH BETA 50,NIFTY HIGHBETA 50,3758.2,33.6,0.009000000000000001,3769.25,3806.5,3737.5,3724.6,0.0,0.0,23.15,2.91,0.0115,9,41,0.09179999999999999,-0.0375
STRATEGY INDICES,NIFTY LOW VOLATILITY 50,NIFTY LOW VOL 50,25105.95,218.65,0.0088,25018.1,25189.55,24999.05,24887.3,0.0,0.0,30.83,5.06,0.0124,9,40,0.0746,-0.0232
STRATEGY INDICES,NIFTY QUALITY LOW-VOLATILITY 30,NIFTY QLTY LV 30,17166.8,186.15,0.011000000000000001,17083.15,17226.25,17082.05,16980.65,0.0,0.0,28.21,6.24,0.0178,6,24,0.0361,-0.0304
STRATEGY INDICES,NIFTY SMALLCAP250 QUALITY 50,NIFTY SML250 Q50,24246.8,281.3,0.011699999999999999,24147.95,24350.7,24116.85,23965.5,0.0,0.0,23.72,4.95,0.0176,13,37,-0.0969,-0.0572
STRATEGY INDICES,NIFTY TOP 15 EQUAL WEIGHT,NIFTY TOP 15 EW,10662.3,57.6,0.0054,10677.45,10712.6,10598.9,10604.7,0.0,0.0,21.74,3.77,0.0134,3,12,0.12300000000000001,-0.0378
STRATEGY INDICES,NIFTY100 ALPHA 30,NIFTY100 ALPHA 30,17713.25,144.8,0.008199999999999999,17707.65,17841.6,17635.95,17568.45,0.0,0.0,27.39,5.13,0.0079,7,22,0.0453,-0.023399999999999997
STRATEGY INDICES,NIFTY200 VALUE 30,NIFTY200 VALUE 30,14900.8,215.3,0.0147,14794.45,14967.0,14794.45,14685.5,0.0,0.0,9.68,1.5,0.029300000000000003,4,26,0.23440000000000003,0.0412
STRATEGY INDICES,NIFTY500 EQUAL WEIGHT,NIFTY500 EW,13505.2,140.7,0.0105,13474.45,13583.5,13423.15,13364.5,0.0,0.0,25.83,3.52,0.0095,112,386,0.0017000000000000001,-0.0473
STRATEGY INDICES,NIFTY500 MULTICAP MOMENTUM QUALITY 50,NIFTY MULTI MQ 50,40154.25,395.25,0.009899999999999999,40134.2,40493.8,39871.5,39759.0,0.0,0.0,33.75,7.78,0.0106,12,38,-0.0253,-0.0454
STRATEGY INDICES,NIFTY500 VALUE 50,NIFTY500 VALUE 50,15619.75,211.3,0.0137,15521.85,15693.25,15521.85,15408.45,0.0,0.0,9.78,1.5,0.0277,8,41,0.17859999999999998,0.0315
STRATEGY INDICES,NIFTY TOP 20 EQUAL WEIGHT,NIFTY TOP 20 EW,9393.8,40.35,0.0043,9441.7,9465.85,9343.0,9353.45,0.0,0.0,23.39,3.72,0.0132,5,15,0.0834,-0.0339
STRATEGY INDICES,NIFTY500 QUALITY 50,NIFTY500 QLTY50,18296.65,266.5,0.0148,18199.55,18359.95,18162.15,18030.15,0.0,0.0,30.07,9.84,0.0166,14,36,0.0,-0.04190000000000001
STRATEGY INDICES,NIFTY500 LOW VOLATILITY 50,NIFTY500 LOWVOL50,22556.2,204.55,0.0092,22508.95,22687.5,22478.5,22351.65,0.0,0.0,24.56,4.53,0.0176,13,36,0.0,-0.024900000000000002
STRATEGY INDICES,NIFTY500 MULTIFACTOR MQVLV 50,NIFTY500 MQVLV50,31128.15,381.1,0.0124,30994.2,31245.65,30966.25,30747.05,0.0,0.0,15.24,2.86,0.0209,12,38,0.0,-0.019299999999999998
STRATEGY INDICES,NIFTY50 USD,NIFTY50 USD,9566.35,60.53,0.0063,9505.8,9629.55,9505.8,9505.82,0.0,0.0,,,,,,0.0381,-0.0545
STRATEGY INDICES,NIFTY500 FLEXICAP QUALITY 30,NIFTY500 FLEXICAP,10480.5,121.5,0.011699999999999999,10426.0,10513.1,10419.7,10359.0,0.0,0.0,32.76,7.1,0.018500000000000003,3,27,0.0,-0.0326
STRATEGY INDICES,NIFTY TOTAL MARKET MOMENTUM QUALITY 50,NIFTY TMMQ 50,40675.0,468.6,0.011699999999999999,40590.75,41016.15,40354.8,40206.4,0.0,0.0,31.84,7.36,0.0104,9,41,0.0,-0.0415
THEMATIC INDICES,NIFTY COMMODITIES,NIFTY COMMODITIES,9464.7,117.2,0.0125,9400.9,9503.25,9398.45,9347.5,9786.8,7502.95,16.55,2.25,0.018000000000000002,4,26,0.1747,0.0191
THEMATIC INDICES,NIFTY INDIA CONSUMPTION,NIFTY CONSUMPTION,11692.15,30.15,0.0026,11780.75,11818.45,11641.05,11662.0,12716.2,10090.65,38.75,7.9,0.011000000000000001,11,19,0.07780000000000001,-0.0481
THEMATIC INDICES,NIFTY CPSE,NIFTY CPSE,6480.95,113.8,0.0179,6405.85,6489.7,6401.05,6367.15,6681.8,5284.25,13.51,2.08,0.0313,0,11,0.065,0.0354
THEMATIC INDICES,NIFTY ENERGY,NIFTY ENERGY,33747.0,376.95,0.0113,33623.55,33861.45,33539.6,33370.05,36938.9,29313.2,14.39,2.2,0.0241,8,32,-0.016399999999999998,-0.0365
THEMATIC INDICES,NIFTY INFRASTRUCTURE,NIFTY INFRA,9079.65,64.15,0.0070999999999999995,9076.55,9124.7,9030.1,9015.5,9792.6,7589.95,20.39,2.98,0.011399999999999999,8,22,0.09269999999999999,-0.0572
THEMATIC INDICES,NIFTY100 LIQUID 15,NIFTY100 LIQ 15,7344.6,61.9,0.0085,7358.65,7392.45,7309.25,7282.7,7683.6,5985.3,22.64,3.32,0.0089,3,12,0.17550000000000002,-0.027200000000000002
THEMATIC INDICES,NIFTY MIDCAP LIQUID 15,NIFTY MID LIQ 15,15503.95,203.35,0.013300000000000001,15458.75,15617.75,15371.4,15300.6,16755.8,11541.7,35.06,4.4,0.0063,3,12,0.16,-0.0541
THEMATIC INDICES,NIFTY MNC,NIFTY MNC,30280.15,355.15,0.011899999999999999,30121.05,30362.4,30054.55,29925.0,31140.0,23981.05,36.72,8.78,0.0151,8,22,0.11630000000000001,-0.0039000000000000003
THEMATIC INDICES,NIFTY PSE,NIFTY PSE,9765.2,144.85,0.0151,9683.0,9777.25,9680.55,9620.35,10225.55,7956.45,11.05,1.96,0.032400000000000005,3,17,0.046900000000000004,0.0131
THEMATIC INDICES,NIFTY SERVICES SECTOR,NIFTY SERV SECTOR,33044.0,133.35,0.0040999999999999995,33185.05,33223.55,32880.2,32910.65,34216.65,29070.85,21.07,3.48,0.013000000000000001,7,22,0.1014,-0.027200000000000002
THEMATIC INDICES,NIFTY100 ESG SECTOR LEADERS,NIFTY100ESGSECLDR,4231.05,17.2,0.0040999999999999995,4245.75,4257.45,4211.5,4213.85,0.0,0.0,22.81,3.63,0.0126,,,0.11199999999999999,-0.0317
THEMATIC INDICES,NIFTY INDIA DIGITAL,NIFTY IND DIGITAL,9158.8,18.75,0.0021,9254.05,9292.8,9118.0,9140.05,10152.15,4755.25,68.65,8.68,0.0148,10,20,0.0143,-0.056799999999999996
THEMATIC INDICES,NIFTY100 ESG,NIFTY100 ESG,5086.0,32.3,0.0064,5094.45,5118.4,5062.05,5053.7,0.0,0.0,22.85,3.9,0.0134,18,66,0.11939999999999999,-0.0207
THEMATIC INDICES,NIFTY INDIA MANUFACTURING,NIFTY INDIA MFG,14937.45,177.6,0.012,14872.55,15023.15,14847.7,14759.85,0.0,0.0,27.43,4.25,0.0103,16,58,0.1223,-0.0265
THEMATIC INDICES,NIFTY INDIA CORPORATE GROUP INDEX - TATA GROUP 25% CAP,NIFTY TATA 25 CAP,14882.8,126.9,0.0086,14861.0,15000.7,14790.55,14755.9,18764.95,9887.45,32.67,4.71,0.0151,1,9,-0.0467,-0.0202
THEMATIC INDICES,NIFTY500 MULTICAP INDIA MANUFACTURING 50:30:20,NIFTY MULTI MFG,15225.55,190.4,0.0127,15160.3,15304.05,15119.4,15035.15,16323.15,8394.35,28.03,3.95,0.0084,14,61,0.0809,-0.042199999999999994
THEMATIC INDICES,NIFTY500 MULTICAP INFRASTRUCTURE 50:30:20,NIFTY MULTI INFRA,13537.6,118.3,0.0088,13518.0,13605.3,13449.15,13419.3,15154.1,8010.1,24.66,3.28,0.0095,14,61,0.0323,-0.0642
THEMATIC INDICES,NIFTY INDIA DEFENCE,NIFTY IND DEFENCE,7660.15,199.1,0.026699999999999998,7524.1,7684.9,7523.75,7461.05,9195.15,3374.95,51.19,10.23,0.0053,2,16,0.2052,-0.012199999999999999
THEMATIC INDICES,NIFTY INDIA TOURISM,NIFTY IND TOURISM,7831.55,22.1,0.0028000000000000004,7884.4,7921.55,7809.7,7809.45,9497.2,6058.05,55.12,9.26,0.0027,9,7,-0.0638,-0.0886
THEMATIC INDICES,NIFTY CAPITAL MARKETS,NIFTY CAPITAL MKT,4567.2,54.7,0.0121,4577.05,4635.8,4535.6,4512.5,4887.85,2009.6,44.04,11.33,0.0109,4,11,0.2268,-0.0352
THEMATIC INDICES,NIFTY EV & NEW AGE AUTOMOTIVE,NIFTY EV,2975.3,29.7,0.0101,2973.35,2999.5,2958.5,2945.6,0.0,0.0,34.87,4.68,0.0096,12,23,0.038900000000000004,-0.0574
THEMATIC INDICES,NIFTY INDIA NEW AGE CONSUMPTION,NIFTY NEW CONSUMP,11121.7,-11.25,-0.001,11261.85,11289.0,11085.7,11132.95,0.0,0.0,51.89,6.57,0.0070999999999999995,39,36,0.0227,-0.066
THEMATIC INDICES,NIFTY INDIA SELECT 5 CORPORATE GROUPS (MAATR),NIFTY CORP MAATR,37644.3,340.85,0.0091,37616.55,37922.15,37427.8,37303.45,0.0,0.0,28.88,3.41,0.0095,7,34,0.1047,-0.0308
THEMATIC INDICES,NIFTY MOBILITY,NIFTY MOBILITY,22094.25,113.35,0.0052,22284.55,22402.5,22029.55,21980.9,0.0,0.0,29.62,4.52,0.011000000000000001,10,20,0.1844,-0.0432
THEMATIC INDICES,NIFTY100 ENHANCED ESG,NIFTY100 ENH ESG,5127.75,32.25,0.0063,5136.8,5160.5,5103.65,5095.5,0.0,0.0,22.92,3.91,0.013300000000000001,18,64,0.12029999999999999,-0.0215
THEMATIC INDICES,NIFTY CORE HOUSING,NIFTY COREHOUSING,14837.1,26.8,0.0018,14901.25,14971.1,14787.25,14810.3,17961.7,13680.9,32.62,3.49,0.0053,15,15,-0.0159,-0.044800000000000006
THEMATIC INDICES,NIFTY HOUSING,NIFTY HOUSING,11462.25,103.3,0.0091,11435.85,11516.5,11401.7,11358.95,12386.3,9839.7,24.53,2.95,0.0092,12,38,0.0973,-0.015
THEMATIC INDICES,NIFTY IPO,NIFTY IPO,1943.8,33.8,0.0177,1927.15,1946.65,1924.0,1910.0,2387.55,1617.15,57.58,10.48,0.0017000000000000001,28,71,-0.054000000000000006,-0.055999999999999994
THEMATIC INDICES,NIFTY MIDSMALL INDIA CONSUMPTION,NIFTY MS IND CONS,17556.45,9.15,0.0005,17685.35,17765.65,17493.95,17547.3,20923.3,14493.4,89.39,9.14,0.008199999999999999,13,17,-0.065,-0.0781
THEMATIC INDICES,NIFTY NON-CYCLICAL CONSUMER,NIFTY NONCYC CONS,15225.75,30.0,0.002,15355.5,15388.3,15166.75,15195.75,18289.65,13081.55,51.91,10.51,0.0103,10,20,0.0064,-0.0508
THEMATIC INDICES,NIFTY RURAL,NIFTY RURAL,15700.15,143.45,0.0092,15658.3,15779.6,15611.6,15556.7,16378.35,12304.35,25.52,4.09,0.0127,16,58,0.1438,-0.024
THEMATIC INDICES,NIFTY SHARIAH 25,NIFTY SHARIAH 25,8320.75,90.75,0.011000000000000001,8284.4,8354.45,8279.3,8230.0,9449.55,7121.55,29.44,5.27,0.018000000000000002,3,22,0.0127,-0.0203
THEMATIC INDICES,NIFTY TRANSPORTATION & LOGISTICS,NIFTY TRANS LOGIS,24803.75,122.85,0.005,25064.9,25168.25,24720.4,24680.9,26459.7,16828.35,36.96,5.32,0.0086,8,22,0.18510000000000001,-0.038900000000000004
THEMATIC INDICES,NIFTY50 SHARIAH,NIFTY50 SHARIAH,4825.65,47.05,0.0098,4808.1,4839.5,4801.1,4778.6,5677.9,4235.9,25.34,4.65,0.0202,1,16,-0.0097,-0.0121
THEMATIC INDICES,NIFTY500 SHARIAH,NIFTY500 SHARIAH,6977.75,70.65,0.0102,6956.1,7008.45,6944.65,6907.1,8238.85,6004.55,27.56,4.71,0.0144,39,166,-0.015600000000000001,-0.0335
THEMATIC INDICES,NIFTY SME EMERGE,NIFTY SME EMERGE,13037.25,177.05,0.0138,12901.15,13095.4,12899.1,12860.2,17223.65,11930.1,23.22,3.65,0.0025,,,-0.1911,-0.0984
THEMATIC INDICES,NIFTY INDIA INTERNET,NIFTY INTERNET,1327.5,-5.5,-0.0040999999999999995,1362.0,1369.9,1322.15,1333.0,1501.9,1056.45,269.28,6.56,0.0036,11,10,0.0,-0.0705
THEMATIC INDICES,NIFTY WAVES,NIFTY WAVES,1970.2,47.35,0.0246,1933.05,1974.8,1932.35,1922.85,2789.8,1885.85,,2.37,0.0074,4,37,0.0,-0.0291
THEMATIC INDICES,NIFTY INDIA INFRASTRUCTURE & LOGISTICS,NIFTY INFRALOG,10831.75,138.3,0.0129,10779.25,10859.6,10750.05,10693.45,11820.05,9210.4,28.74,3.87,0.0091,20,80,0.0,-0.041100000000000005
FIXED INCOME INDICES,NIFTY 8-13 YR G-SEC,NIFTY GS 8 13YR,2973.73,5.29,0.0017000000000000001,2968.97,2974.45,2968.97,2968.44,0.0,0.0,,,,,,0.0696,0.008
FIXED INCOME INDICES,NIFTY 10 YR BENCHMARK G-SEC,NIFTY GS 10YR,2617.2,4.22,0.0016,2613.45,2618.11,2613.45,2612.98,0.0,0.0,,,,,,0.0643,0.008
FIXED INCOME INDICES,NIFTY 10 YR BENCHMARK G-SEC (CLEAN PRICE),NIFTY GS 10YR CLN,889.72,1.29,0.0014000000000000002,888.42,890.04,888.42,888.43,0.0,0.0,,,,,,-0.0018,0.0026
FIXED INCOME INDICES,NIFTY 4-8 YR G-SEC INDEX,NIFTY GS 4 8YR,3225.79,5.21,0.0016,3221.16,3226.32,3221.15,3220.58,0.0,0.0,,,,,,0.07440000000000001,0.0067
FIXED INCOME INDICES,NIFTY 11-15 YR G-SEC INDEX,NIFTY GS 11 15YR,3236.26,7.81,0.0024,3229.06,3237.3,3228.59,3228.45,0.0,0.0,,,,,,0.052300000000000006,0.0067
FIXED INCOME INDICES,NIFTY 15 YR AND ABOVE G-SEC INDEX,NIFTY GS 15YRPLUS,3466.18,11.36,0.0032,3455.51,3467.71,3455.51,3454.82,0.0,0.0,,,,,,0.023,0.0044
FIXED INCOME INDICES,NIFTY COMPOSITE G-SEC INDEX,NIFTY GS COMPSITE,3050.1,6.52,0.0021,3044.14,3050.73,3044.07,3043.58,0.0,0.0,,,,,,0.060599999999999994,0.006500000000000001
FIXED INCOME INDICES,NIFTY BHARAT BOND INDEX - APRIL 2030,BHARATBOND-APR30,1556.71,1.09,0.0007000000000000001,1555.93,1556.71,1555.91,1555.62,0.0,0.0,,,,,,0.0699,-0.0039000000000000003
FIXED INCOME INDICES,NIFTY BHARAT BOND INDEX - APRIL 2031,BHARATBOND-APR31,1414.69,0.3,0.0002,1414.65,1414.69,1414.65,1414.39,0.0,0.0,,,,,,0.0666,-0.005600000000000001
FIXED INCOME INDICES,NIFTY BHARAT BOND INDEX - APRIL 2032,BHARATBOND-APR32,1284.81,0.24,0.0001,1284.81,1284.81,1284.81,1284.57,0.0,0.0,,,,,,0.059699999999999996,-0.0083
FIXED INCOME INDICES,NIFTY BHARAT BOND INDEX - APRIL 2033,BHARATBOND-APR33,1248.11,0.24,0.0001,1248.12,1248.12,1248.11,1247.87,0.0,0.0,,,,,,0.0567,-0.0068000000000000005
